Término de Búsqueda,Item ID,Título,Preco,Condicao
Google Home,MLA873351413,Google Home Mini Asistente Virtual Bulk - Sin Caja - Envío ,69998,new
Google Home,MLA934111387,"Google Nest Hub Con Asistente Virtual Google Assistant, Pantalla Integrada De 7  Chalk 110v/220v",292990,new
Google Home,MLA1384134643,Google Home Mini Versión Bulk/ Sin Caja/ Cargador Original!,69997,new
Google Home,MLA873351456,Google Home Mini Asistente - Bulk - Sin Caja - Fuente 220v ,69994,new
Google Home,MLA1392974207,Google Home Mini Con Asistente Virtual Google Assistant Charcoal 110v/220v,94145.1,new
Google Home,MLA1127771299,Google Home Mini Con Asistente Virtual Google Assistant Coral 110v/220v,79990,new
Google Home,MLA873350814,Google Home Mini Asistente Virtual Bulk - Sin Caja / Cuot.s!,89998,new
Google Home,MLA873646326,Google Home Mini Asistente Virtual Bulk - Sin Caja - Oferta!,69995,new
Google Home,MLA930506223,Soporte Montaje Embutido Pared Google Home Hub Mountgenie,19900,new
Google Home,MLA1400539531,Google Home Mini Asistente Virtual Google Assistant Ref,64990,new
Google Home,MLA1392498187,Google Home Mini Asistente Virtual Bulk Bolsa Nuevo Gtia +,111951,new
Google Home,MLA1597574484,Parlante Google Home Mini Asistente Virtual Refabricado,69990,new
Google Home,MLA1110377590,Soporte De Pared Google Mini Home / Nest Mini 2da Generacion,9612,new
Google Home,MLA1683895992,Google Home Max Con Asistente Virtual Google Assistant Chalk 100v/240v,743184,new
Google Home,MLA1125948601,Combo Google Home Mini + Chromecast 2 Ga00379-us,129990,new
Google Home,MLA1392445767,Google Home Mini Asistente Virtual Bulk Sin Caja Original +,111951,new
Google Home,MLA1597677282,Parlante Google Home Mini Asistente Virtual Wifi Refabricado,89990,new
Google Home,MLA873352268,Google Home Mini /bulk - Sin Caja + Cuot.s S/ Inter.s ,89997,new
Google Home,MLA1398793543,Google Home Mini Con Asistente Virtual Google Assistant Ref,69990,new
Google Home,MLA1433438115,"Google Nest Hub 2nd Gen Con Asistente Virtual Google Assistant, Pantalla Integrada De 7  Charcoal 110v/220v",460000.0,new
Google Home,MLA1154268993,Combo Google Home Mini + Chromecast 2 Asistente Virtuales,139990,new
Google Home,MLA1398767505,Google Home Mini Con Asistente Virtual Multi-room Ref,79990,new
Google Home,MLA1597677286,Speaker Google Home Mini Con Asistente Virtual  Refabricado,89990,new
Google Home,MLA1426697551,Asistente Virtual Home Google Assistant 2da Generation Blanc,255000,new
Google Home,MLA1597457958,Google Home Mini Con Asistente Virtual  Charcoal Refabricado,49999,new
Google Home,MLA1110314122,Soporte Pared 45º Google Home Hub Base 138x60mm Nextsale,9612,new
Google Home,MLA918072516,Google Nest Mini Nest Mini 2nd Gen Con Asistente Virtual Google Assistant Chalk 110v/220v,74990,new
Google Home,MLA833417329,Google Home Mini Asistente Virtual Parlante Original Español,105200,new
Google Home,MLA912014012,Soporte De Pared Google Mini Home / Nest Mini 2da Generacion,3999,new
Google Home,MLA916372672,Google Home Hub Pantalla 7 Nest 2da Gen Asistente Virtual ,368000.0,new
Google Home,MLA1398755255,Google Home Mini Google Assistant Chalk 110v/220v Ref,55990,new
Google Home,MLA1427467661,Google Nest Hub 2 Con Asistente Virtual Google Assistant,222000,new
Google Home,MLA1125935779,Google Home Mini + Chromecast 2nd Generation Netflix Spotify,109990,new
Google Home,MLA1436131783,Google Home Mini,60000,new
Google Home,MLA1616758962,Google Home Asistente Virtual Google Assistant Refabricado,119990,new
Google Home,MLA1149361692,Asistente Google Nest Hub Pantalla Smart Tactil 7´´ ,239992,new
Google Home,MLA1693634994,Google Home Hub Pantalla Hd 7  Wi-fi Bluetooth Sensor De Luz,339990,new
Google Home,MLA1597470910,Google Home Mini Con Google Assistant Negro Reacondicionado,69990,new
Google Home,MLA1616759000,Google Home Google Assistant Asistente Virtual Refabricado,154990,new
Google Home,MLA1597677284,Parlante Google Home Mini Google Assistant Wifi Refabricado,69990,new
Google Home,MLA1398845475,Google Home Mini Google Assistant Chalk  9 W Ref,71990,new
Google Home,MLA1412976451,Google Home Hub Control Por Voz Pantalla Hd 7  Blanco/gris,269990,new
Google Home,MLA873351615,Google Home Mini Asistente Virtual Bulk - Sin Caja - Cuot.s,89995,new
Google Home,MLA1422239063,Google Home Mini Con Asistente Virtual ,59999,used
Google Home,MLA1400957805,Google Home Asistente Virtual Google Assistant White Y Slate,130000,used
Google Home,MLA1412480803,Google Home Mini Negro,69000,used
Google Home,MLA1839122858,Google Home Max,540000,used
Google Home,MLA1839097142,Google Home Nest,300000,used
Apple TV,MLA1555247434, Apple Tv 4k (wifi + Ethernet) A2843 De Voz 3.ª Generación 2022 4k 128gb Negro,532000,new
Apple TV,MLA1424666485,Apple Tv 4k 64gb Color Negro Tipo De Control Remoto De Voz,269999,new
Apple TV,MLA1424614931,Apple Tv 4k 64gb 1st Gen Netflix Disney+ Hbo Prime Video,329999,new
Apple TV,MLA1424602139,Apple Tv 4k 64gb Negro 1.ª Generación 2017,319990,new
Apple TV,MLA1539634504, Apple Tv 4k (wifi) A2737 3.ª Generación 2022 4k 64gb Color Negro Tipo De Control Remoto Control De Voz,446400,new
Apple TV,MLA1437174503, Apple Tv 4k A2169 De Voz 2.ª Generación 2021 4k 64gb Negro,400000,new
Apple TV,MLA1426291701,Apple Tv 4k 64gb Modelo A2169. Soporte Y Funda De Regalo,567000,new
Apple TV,MLA1424655863,Apple Tv 4k 32 Gb,249999,new
Apple TV,MLA1424707689,Apple Tv 4k 32gb 1st Gen Netflix Hbo Prime Video Disney+,309999,new
Apple TV,MLA1806378888, Apple Tv 4k A2169 64gb 2021 Ethernet Thread - Segunda Gen.,549999.99,new
Apple TV,MLA1453365954, Apple Tv 4k A2169 De Voz 2.ª Generación 2021 4k 32gb Negro,699997,new
Apple TV,MLA1417741441,Apple Tv Fhd 32gb 2nd Gen 2021 Black Mhy93ll/a,249990,new
Apple TV,MLA1719499042,Streaming Apple Tv Fhd 32gb 2nd Gen 2021 Black Mhy93ll/a ,299990,new
Apple TV,MLA1143483929,Apple Tv 4k 32gb Negro 1.ª Generación 2017,259990,new
Apple TV,MLA1424590035,Apple Tv 4k 32gb 1st Gen Media Streaming Player Netflix ,249999,new
Apple TV,MLA1827480572,Apple Tv 4k 32gb Negro 1.ª Generación 2017,260000,new
Apple TV,MLA1424706597,Apple Tv 4k 32gb 1st Gen Netflix Prime Video Disney+ Hbo ,309999,new
Apple TV,MLA1598302118,"Apple Tv 3 A1469  Full Hd Negro Completo, Sin Detalles.",62500,used
Apple TV,MLA1436002761,Apple Tv Mod. A1469 Estándar 3.ª Generación Usado,45000,used
Apple TV,MLA1433268517, Apple Tv A1427 Estándar 3.ª Generación Full Hd 8gb ,66604.5,used
Apple TV,MLA1422279097," Apple Tv Hd A1625, 4ª Generación 32gb, 2gb De Memoria Ram",165000,used
Apple TV,MLA1781884668, Apple Tv A1427 2.ª Generación ,37081.98,used
Apple TV,MLA1795186076,Apple Tv A1469 Estándar 3.ª Generación A Full Hd 8gb Negro,50000,used
Apple TV,MLA1313569771," Apple Tv  A1625,  Negro 32gb,  Control Remoto Usado",125999,used
Apple TV,MLA1405341435, Apple Tv Hd A1625 Control De Voz 4.ª Generación,190000,used
Apple TV,MLA1803418622, Apple Tv 4k A2843 De Voz 3.ª Generación 4k 128gb,350000,used
Apple TV,MLA1834300370,Apple Tv 4k 1st Gen 64 Gb Negro - Memoria Ram De 3 Gb A1842,200000,used
Apple TV,MLA924796800,Apple Tv Modelo A1469 3ra Gen - No Enciende - No Envío - C12,18494.92,used
Apple TV,MLA1419331631, Apple Tv 1ª Gen Full Hd -olo Aparato - Enciende - No Envío,25775.2,used
Apple TV,MLA1794555584,Apple Tv A1427 3.ª Generación Full Hd,80000,used
Apple TV,MLA1622879630,Apple Tv - Modelo A1469,250000,used
Apple TV,MLA1422759707,Apple Tv Full Hd,65000,used
Apple TV,MLA1839129680,Apple Tv A1469 Estándar 1080p,250000,used
Apple TV,MLA1428080643,Apple Tv 3ra Generación,120000,used
Apple TV,MLA1799086010,Apple Tv A1469 Estándar 3.ª Generación Rev. A Full Hd 8gb,150000,used
Apple TV,MLA1844813002,Apple Tv A1469 Estándar 3.ª Generación Rev. A Full Hd 8gb.,95000,used
Apple TV,MLA1433276905,Apple Tv A1469 Estándar 3.ª Generación Excelente Estado,94000,used
Apple TV,MLA1389970913, Apple Tv A1469. Full Hd 8gb/ 512mb De Memoria Ram,80000,used
Apple TV,MLA1837011658,Apple Tv A1469 3 Full Hd 1080 - 8g - Hdmi Wi-fi,120000,used
Apple TV,MLA1677887932,Apple Tv 3era Generación. Full Hd. Con Control Remoto Y Hdmi,55000,used
Apple TV,MLA1374336429, Apple Tv A1469 3.ª Gen Rev. A Full Hd 8gb  Con 512mb De Ram,75000,used
Apple TV,MLA1399520644,Apple Tv 4k 32gb A1842 Negro (usado),380000,used
Apple TV,MLA1837941502,Apple Tv Hd A1625 4ta Generación Full Hd 32gb Remoto Siri,195000,used
Apple TV,MLA1755792356, Apple Tv A1469 3.ª Generación. Perf. Estado Caja Cable Orig,98000,used
Apple TV,MLA1408440613, Apple Tv A1427  Full Hd 8gb  Permuto iPhone,70000,used
Apple TV,MLA1428590307,Apple Tv 4k,300000,used
Apple TV,MLA1435544559,Apple Tv 4k (wifi + Ethernet) 4k 128gb - Nuevo En Córdoba!,450000,used
Apple TV,MLA1806353046, Apple Tv 4k A2169 64gb 2021 Ethernet Thread - Segunda Gen.,499999.99,used
Apple TV,MLA1818506894,Apple Tv A1378 2da Generación - Hd,55000,used
Apple TV,MLA1426077727, Apple Tv A1469 Estándar 3.ª Generación Full Hd 8gb Negro ,50000,used
Amazon Fire TV,MLA1424073263,Amazon Lite Fire Tv Stick B091g4yp57 De Voz 2.ª Generación Full Hd 8gb Negro Con 1gb De Memoria Ram,86490,new
Amazon Fire TV,MLA1741690620,Fire Tv Stick Lite Con Botones Amazon Streaming,65053,new
Amazon Fire TV,MLA1391367097,Amazon Fire Tv Stick 4k De Voz 3ª Generación 4k 8gb Negro Con 1.5gb De Memoria Ram,110999,new
Amazon Fire TV,MLA1422481227,Amazon Fire Tv Stick Lite- De Voz 2.ª Generación Full Hd Negro Con 1gb De Memoria Ram,93899,new
Amazon Fire TV,MLA1395987695,Amazon Fire Tv Stick 3ra Hd Alexa Voice Remote Original,104865,new
Amazon Fire TV,MLA1827473316,Amazon Fire Tv Stick De Voz 3gen Full Hd 8gb Negro Con 1gb De Ram,104865.0,new
Amazon Fire TV,MLA1744098628,Amazon Fire Tv Stick 4k 2023 Wifi 6 2gb De Ram Con Alexa Color Negro,95985.36,new
Amazon Fire TV,MLA1378772113,Amazon Max Fire Tv Stick 4k Max B08mqzxn1x De Voz 3.ª Generación 4k 8gb Negro Con 2gb De Memoria Ram,129999,new
Amazon Fire TV,MLA1751072176,"Amazon Fire Tv Stick 4k Streaming, Con Alexa Voice Remote Color Negro",132900,new
Amazon Fire TV,MLA1400535123,Amazon Tv Stick Fire Tv Stick 4k Max K2r2te De Voz 1.ª Generación 4k 8gb Negro Con 2gb De Memoria Ram,87900,new
Amazon Fire TV,MLA1114712402,Amazon Fire Tv Stick 4k De Voz 2ª Generación 4k 8gb Negro1 Con 1.5gb De Memoria Ram,89900,new
Amazon Fire TV,MLA1436101471,Amazon Fire Tv Stick Lite Control Por Voz Alexa Fhd 1080p Color Negro Tipo De Control Remoto De Voz,111862,new
Amazon Fire TV,MLA1525962974,Amazon Fire Tv Stick De Voz 3ra Gen Full Hd 8gb Negro Con 1gb De Ram,110000,new
Amazon Fire TV,MLA874503353,Amazon Fire Tv Stick 4k De Voz 4k 8gb Negro Con Memoria Ram,102409,new
Amazon Fire TV,MLA1843932586,"Amazon Fire Tv Stick De Voz 2.ª Generació ,negro 10 K",120000,new
Amazon Fire TV,MLA1369238847,Amazon Fire Tv Stick Lite Control De Voz Full Hd 8gb 1gb Ram,74999,new
Amazon Fire TV,MLA1376700509,Amazon Fire Tv Stick 4k 8gb  1.5gb Ram Streaming Control Voz,94999,new
Amazon Fire TV,MLA1373073449,Amazon Fire Tv Stick Lite 2022 Full Hd 8gb Streaming ,73999,new
Amazon Fire TV,MLA1378735225,Amazon Fire Tv Stick 4k Max 3ra Gen Control De Voz 8gb,145999,new
Amazon Fire TV,MLA1429640269,Amazon Fire Tv Stick 4k Ultra Hd Alexa Wifi6 2023 Gen 2,99899,new
Amazon Fire TV,MLA1436668045,Amazon Fire Tv Stick Lite- De Voz 2.ª Gen Full Hd Con Fuente,79900,new
Amazon Fire TV,MLA1827538572,Amazon Fire Tv Stick De Voz 3.ª Generación Full Hd 8gb Negro,94502.0,new
Amazon Fire TV,MLA1396000791,Amazon Fire Tv Stick 3ra Hd Alexa Voice Remote Original,94502,new
Amazon Fire TV,MLA1149652512,Amazon Fire Tv Stick 4k Con Alexa Netflix Youtube Disney,89500,new
Amazon Fire TV,MLA1434880347,Amazon Fire Tv Stick Lite- De Voz 2.ª Generación Full Hd,84999,new
Amazon Fire TV,MLA1372865557,Amazon Fire Tv Stick Lite 2022 Full Hd 8gb Streaming ,73999,new
Amazon Fire TV,MLA1813200714,Amazon Fire Tv Stick 4k 3° Generación 4k 8gb N 1.5gb Ram,99500,new
Amazon Fire TV,MLA1134829983,Reproductor Amazon Fire Tv Stick 4k Hdr Control Remoto Alexa,155285.1,new
Amazon Fire TV,MLA1836120622,Conversor Fire Tv Stick Lite,99215,new
Amazon Fire TV,MLA1369261961,Amazon Fire Tv Stick Lite Control De Voz Full Hd 8gb 1gb Ram,94999,new
Amazon Fire TV,MLA1373149393,Amazon Fire Tv Stick Lite 2022 Full Hd 8gb Streaming ,73999,new
Amazon Fire TV,MLA1447414004,Amazon Fire Tv Stick 4k 8gb 1.5gb Ram Streaming Control Voz,94999,new
Amazon Fire TV,MLA1391432575,Amazon Fire Tv Stick 4k 2da Gen Control De Voz,105999,new
Amazon Fire TV,MLA1368009333,Amazon Fire Tv Stick Lite Full Hd 8gb 1gb Ram Streaming,76899,new
Amazon Fire TV,MLA1403353954,Amazon Fire Tv Stick 4k 8gb Negro Con 1.5gb De Memoria Ram,94999,new
Amazon Fire TV,MLA1583166672,Amazon Fire Tv Stick Lite 2022 De Voz 2.ª Gen Full Hd 8gb ,84556.0,new
Amazon Fire TV,MLA1391355057,Amazon Fire Tv Stick 4k 2da Gen Control De Voz,95999,new
Amazon Fire TV,MLA1275869904,Amazon Fire Tv Stick Lite De Voz Full Hd 8gb + Fuente 220v!,75490,new
Amazon Fire TV,MLA1144084762,Amazon Fire Tv Stick 4k 8gb Negro Con 1.5gb De Memoria Ram,94999,new
Amazon Fire TV,MLA1583102304,Amazon Fire Tv Stick Lite Edición 2022 De Voz  Full Hd 8gb ,93829,new
Amazon Fire TV,MLA1399046785,Amazon Fire Tv Stick 4k De Voz 4k 8gb Negro,100948,new
Amazon Fire TV,MLA1407883790,Amazon Fire Tv Stick Lite Full Hd 8gb 1gb Ram Streaming Hbo,82499,new
Amazon Fire TV,MLA1391432073,Amazon Fire Tv Stick 4k 3ra Gen Control De Voz,99999,new
Amazon Fire TV,MLA1214656893,Amazon Fire Tv Stick 4k De Voz 4k 8gb Negro Con 1.5gb Ram,109999,new
Amazon Fire TV,MLA1548431302,Amazon Fire Tv Stick Control Voz 2.ª Gen Full Hd 8gb Negro,84999,new
Amazon Fire TV,MLA1114934662,Convertidor Smart Tv Amazon Lite Fire Full Hd Control De Voz,83000,new
Amazon Fire TV,MLA1412833394,Amazon Fire Tv Stick 4k Last Version Cargador Orig. + Cuot.s,190397.76,new
Amazon Fire TV,MLA1214650470,Amazon Fire Tv Stick 4k De Voz 4k 8gb Negro Con 1.5gb Ram,145999,new
Amazon Fire TV,MLA1275677195,Amazon Fire Tv Stick Lite De Voz Full Hd 8gb + Fuente 220v!,87990,new
Amazon Fire TV,MLA1369051919,Amazon Fire Tv Stick 4k De Voz 3° Gen 8gb Cargador Original!,123197.76,new
chromecast,MLA1801764718,Google Chromecast 4 Generación Con Google Tv Hd Blanco,122795,new
chromecast,MLA1805442438,Chromecast Google Ga03131 Tv Hd 8gb 2gb Ram 60 Fps Wifi Bluetooth Hdmi 4ta Gen Blanco,122795,new
chromecast,MLA1674680742,Google Chromecast 3 Full Hd Media Streaming Negro,68567,new
chromecast,MLA1844814908,Chromecast Google Ga03131 Tv Hd 8gb 2gb Ram 60 Fps Wifi Bluetooth Hdmi 4ta Gen Blanco,99999,new
chromecast,MLA1407676743,Google Chromecast 3 Full Hd Media Streaming Negro. Color Carbón,74999,new
chromecast,MLA1324508604,Chromecast Google Ga03131 Tv Hd 8gb Blanco Control,89990,new
chromecast,MLA877404372,Google Chromecast 3 Generacion Full Hd En Caja Con Fuente,68567,new
chromecast,MLA1391808445,Chromecast 4 Generacion Google Tv Hd Con Control Y Fuente,91999,new
chromecast,MLA1153297791,Chromecast With Google Tv De Voz 4ª Generación 4k 8gb Snow Con 2gb De Memoria Ram,165000,new
chromecast,MLA1418310733,Google Chromecast 4ta Genereación Con Google Tv Hd - Blanco,89990,new
chromecast,MLA1428090647,Google Chromecast 3ra Generación Streaming Hdmi Celular Color Negro Tipo De Control Remoto Negro,83500,new
chromecast,MLA1476019686,Google Chromecast Hd,90899,new
chromecast,MLA1416314709,Chromecast 4 Google Tv Full Hd Sellado Con Cargador Y Pilas ,122000,new
chromecast,MLA1841192354,Google Chromecast Ultra 4k Negro,148169.0,new
chromecast,MLA778066728,Google Chromecast 3 Generacion Nuevo En Caja Hdmi Eps,68567,new
chromecast,MLA1361366203,Google Chromecast With Google Tv Hd 8gb Snow 2gb Ram,92999,new
chromecast,MLA1282971109,Chromecast 4 Smart Google Tv Hd Control Remoto De Voz Star+,105999,new
chromecast,MLA1532640728,Chromecast Google Tv Hd 8gb 2gb Ram Hdmi 4ta Gen Blanco,94899,new
chromecast,MLA1181132861,Google Chromecast 3 Smart Tv Hdmi Usb ,65119,new
chromecast,MLA1393962099,Chromecast 4 Generacion Google Tv Hd Con Control Y Fuente,91999,new
chromecast,MLA1418298631,Google Chromecast 4ta Genereación Con Google Tv Hd - Blanco,89979,new
chromecast,MLA1113470749, Google Chromecast  3 Full Hd Media Streaming Negro Carbón,71999,new
chromecast,MLA1414727275,Google Chromecast Con Google Tv Full Hd Con Cargador,99999,new
chromecast,MLA1425186685,Google Chromecast 4 Generación Con Google Tv Hd Blanco,90990,new
chromecast,MLA1324463415,Chromecast Google Ga03131 Tv Hd 8gb Blanco Control !,122795,new
chromecast,MLA1747941632,Chromecast Google Tv 8gb 2gb Ram 60 Fps Wifi Bluetooth Hdmi,96874.99,new
chromecast,MLA1277642488,Google Chromecast Hd Con Google Tv Y C Remoto,130899.0,new
chromecast,MLA1390229619,Google Chromecast Full Hd Google Tv Control Remoto 4ta Gen,105999,new
chromecast,MLA1395085609,Google Chromecast  3 Full Hd Media Streaming Negro.,92709,new
chromecast,MLA1346263508,Chromecast Ga03131 Google Tv Hd Full Hd 8gb Control Remoto,98900,new
chromecast,MLA1259827994,Google Chromecast With Google Tv 4k - Snow ,128501.6,new
chromecast,MLA1429694245,Chromecast 4ta Generación Google Ga03131-us Tv Hd ,152250.0,new
chromecast,MLA1113438254,Google Chromecast 3 Full Hd Media Streaming Negro Carbón,99999,new
chromecast,MLA1130318118,Google Tv + Chromecast Control De Voz 4k 8gb Cargador 220v,176381.8,new
chromecast,MLA1391847275,Chromecast 4 Generacion Google Tv Hd Con Control Y Fuente,121999,new
chromecast,MLA1435861485,Google Chromecast 4 Generación Con Google Tv Hd Blanco,98083.0,new
chromecast,MLA920579929,Chromecast 4 Google Tv Full Hd Control Remoto Voz Smart Tv ,109999,new
chromecast,MLA1130088939,Google Chromecast 3.ª Generación Full Hd Carbón Con Fuente,70199,new
chromecast,MLA1130305136,Google Tv + Chromecast 4k Control De Voz 8gb Fuente 220v,208349.19,new
chromecast,MLA1416908225,Chromecast Google Tv Hd 8gb 2gb Ram 60 Fps Wifi,155000,new
chromecast,MLA932508984, Chromecast With Google Tv  De Voz 4k 8gb Original Ade Ramos,134999,new
chromecast,MLA1387020501,Chromecast Google Tv Hd 8gb 2gb Ram 60 Fps 4ta Gen ,116663,new
chromecast,MLA1423408959,Chromecast Google Tv Hd 8gb Wifi Bluetooth Hdmi 4ta Gen,94199,new
chromecast,MLA1429758959,Chromecast 4ta Generación Google Tv Hd Ga03131-us ,132000.0,new
chromecast,MLA1395564645,Google Chromecast  3 Full Hd Media Streaming Negro.,92709,new
chromecast,MLA1751822396,Chromecast Google Tv Hd 8gb 2gb Wifi Bluetooth Hdmi 4ta Gen,94199,new
chromecast,MLA927775900, Chromecast 4 Generacion Google Tv Voz 4k Original Ade Ramos,134999,new
chromecast,MLA1241710307,Google Chromecast With Google Tv De Voz Hd 8gb 2gb Ram,89999,new
chromecast,MLA920585054,Convertidor Chromecast Tv 4 Generacion Google Smart Control,109999,new
chromecast,MLA1338041371,Chromecast 4° Google Tv Full Hd 8gb Blanco + Fuente 110-220v,175158.13,new
